Design,ppi-pred,ppi-probability,predicted-pKd,design_info
QVQLQQSGPGLVQPSQSLSITCTVSGFSLTNYGVHWVRQSPGKGLEWLGVIWSGGNTDYNTPFTSRLSISRDTSKSQVFFKMNSLQTDDTAIYYCARALTYYDYEFAYWGQGTLVTVSAGGGGSGGGGSGGGGSDILLTQSPVILSVSPGERVSFSCRASQSIGTNIHWYQQRTNGSPKLLIRYASESISGIPSRFSGSGSGTDFTLSINSVDPEDIADYYCQQNNNWPTTFGAGTKLELK,1,0.9992,8.8306,TEMPLATE
QVQLQQSGPGLVQPSQSLSITCTVSGFSLTNYGVHWPRQSPGKGLEWLGVIWSGGNTDYNTPFTSRLSISRDTSKSQVFFKMNSLQTDDTAIYYCARALTYYDYEFAYWGQGTLVTVSAGGGGSGGGGSGGGGSDILLTQSPVILSVSPGERVSFSCRAIQSIGTNIHWYQQRTNGSPKLLIRYASESISGIPSLFDMSGSGTDFTLMINSVDPEDIADYYCQQNNNWDTTFGAGTKLELK,1,0.9992,8.7687,"mask-rate: 0.03, positions: 0-241"
QVSLGQSGPGLVQPSQSLSITCTFSGFSLTNYGVHPVRQSPGKGLEWLGVIWSGGNTDYNTPPTSRLSISRDTSKSQVFFKMGSLQTDDTAIYYCGRTLTYYDYEFAYWRQGTLVTVSAGGGGSRGGGSGGGGSDILLTQSPVILSPSPGERVSFSCRASQSIGTNIHWYQQRTNGSPKLLIRYASESIFIIPSRTSGSGSGTDFTLSINSSDPEDIADYYCQQNNNWPTWFGAGTKLELK,1,0.9993,8.6703,"mask-rate: 0.07, positions: 0-241"
QVQLQQSGPGLGQPSSSLSITCTVSGFSLTNYGVHWVGQRPGKGLEWLTVIWSGGNTDYNTPFLSRLSDSRDTSKSQVFFRMNSLQADDTEIYYCARQLTYYDYEFFYWGQGTLKTVSAGGGGSGGGGSGGSGSDIKLTQSPVILSVSPGNRVSFSCRASQSIGTNIHWYKQRTNGSPKVLIRYASESISGIPSRFSGSGSGTQFTLSINSVDPEPMADYYCQQGNNFPTTPGAGSKLELM,1,0.9994,8.6247,"mask-rate: 0.13, positions: 0-241"
EFAYWGQGTLVTVSLGGGGSGGGGSGGGGSDILLTQSPLILSVSPGERVSFSCRASQSIGTNIHWYQQRTNGSPKLLIRYASESISGIPSRFSGSGSGTDF,1,0.9997,8.4111,"mask-rate: 0.05, positions: 104-205"
MMAVSCDVIIGPCAAALMYLGYFAHPVKWTTMMGVKMMGPGSGMGGVSEMMVSALKTQSPVMMFVSLGMRPAVSLMAIQSRMDNIHWEAAETM,0,0.0001,8.3374,"mask-rate: 0.72, positions: 82-175"
MQKCDHTVPVGEMGPGGGMMQSPKSLILLTTSMVSLSKSPGQRMMFKCSNSMSIPQMMLHVQHMTLSSLSLLELY,1,0.9613,8.3363,"mask-rate: 0.66, positions: 109-184"
DYNTPFTSRLSISRDTSKSQVWFKNNSLQTDMTAIYYCARALTYTDYEFAGWGQGTLVTVSGGGGLSGGGGSSGGGSDILLTQRPVILSVSPKEPVGFSCMASQSIGTNIHWYQQRTNGSWKLLIRYASESIQGFPSRFSGSGCGTDFTLSINSVDPETIADAVCQQNNNWM,1,0.9685,8.3161,"mask-rate: 0.13, positions: 57-229"
RALTYPRREHAYWSRGTAVGVSIGGGGSFSWGMGGGGSDILLTQGPVILRVSPGEEMSFSCPTSQSIGTNIHWMQQRANGSPLLLIRYASEMISGIQSRFSGRGSCTDFTLCINTV,1,0.9992,8.163,"mask-rate: 0.36, positions: 96-212"
MSQASGSTPGLVQPSLSLSITCTVLGFSLTNYGLHWVRHNPGPGLAWPGVLDSFGNMDYTTPFTARLSNIRDTSLSQVFPKMRSLITDDGARYYCARADTYYDYQKAPGAPATLVTVSAGGGGSGGGWSGGGGSDILLTQSMVILSVSPGERQSFSCRAEQSILRNISWYQQRTLVSPKLLIRYMSSSISTIPSRFSGSGSGTLFTLSNNSVDPEDIADYYCQQNNNWKTGFGAGTKLELK,1,0.9986,8.1364,"mask-rate: 0.2, positions: 0-241"
MQFVLVTVGAIGGKAGTGGMSGGGSDIQETQSGVALCVSPCERMSLSIRASYSIGGMIAVYQ,1,0.5299,8.1047,"mask-rate: 0.47, positions: 109-171"
MMATYGFDYGKQETLLLVVVGGGQRQQRGMGGMSFPIVLAGMMMMDCAMMGEGLLLMMPLSMVILIMITKTDQ,0,0.1288,8.0494,"mask-rate: 0.74, positions: 99-172"
MSGFQGLSMLYRVISMMFSGMYLPSRVDTYGMMGMHERGSMGSMLSWALFIKIWYMMMKGLDFHSRYLISTQLGVMQNFIENNISYSKDSPQDSCGYPPGMWGGEFIVWMDAKKCSILISTLGPSPLGPTRPMSMPLLYHMPRVFHCSVGLGPIFIPPPLLENRCKMHAQGRIISLMHPELQPVAMKTNGNWKAEARMMRSDKDLMRNEWMKLGYQIMDIDTQHNQIWDMSDNFKTGALEG,0,0.06,7.9927,"mask-rate: 0.85, positions: 0-241"
MMQAPNSSLPSCVNNKTLSLVFFPMNVMGSDMTAIDGGARQLDMCNYSDGTWMKGTLMLVWAGEGGSGGGCGSSGMSMDLLTSLKRILEKSVPERMSFIGMASQPIQTNIETXSGKPNIVMMYCICYMSESNMGIVESREMSGFGCDFQSFM,1,0.7687,7.9364,
QMQLAQGGFGLVMPVWLTSQTCWVGGFSLHAMGVHWARQSPGKGMEWCEVIWSGFNMKYNNGFTSRLLIKLDDSGMEVFFKAWYDQVDSRRFYACVRALTYPDYEFGYWGSGTRSTVVAHGGGAGGKLPGRGMFDVLLRSSMVRAFVPLREQVGAVLRASWSPMTNMVWKNQATNLGPKLSILYAMEIPLGIQSRVSMSGVATHRSLSINSVDPEQIADYRCQQENRWPMTPAAGTALEEM,0,0.0059,7.9323,"mask-rate: 0.49, positions: 0-241"
MAGSKTAYNTGFLFINPISRDMMPVTVNSGDMTGQTGAGAGVKMACSMTYYAYEFDLMGRCTLNQVMFLGRGSGCGGSGGGRQLFLLFQSPMREWHSMGKRSSASCSTSQMATADIAPLLAM,1,0.7865,7.8643,"mask-rate: 0.64, positions: 51-173"
TMYGVHWVRQSPGKGLEWLGVIWSEGNTDYNTPFTSIGSITRMTSKSQVFFKMNSLQTDDTAIYECARALGYYDYEFASWGQGTLVTVSASAGASGGGGMGGAGSDILLRSSPVILSMSPGERVSFSMTASQSIGTNIHWPQ,1,0.9966,7.8585,"mask-rate: 0.17, positions: 29-171"
MVASSAMKPAGGFSKMSLTLCSEGLWKDSRAMMVHLTLQSMMGMAHMLSWFQGYSRMSRKSSATPSSYGSAMNSPMRFEPRGEQVIVTGTVIPEGSGPLDMFPGRCATPMTQSPADMEAIRSGYEIRDRGFPGALGLEILSMWVFYKKLGERVHVLSYPVFSFEENLHVARQWPSMGQVDAIAFAMVRSLILDFIILMMGHNIDHPLAAFSTDLLCMMLFDLLDNVPWKMAPWPYMMLKKK,0,0.0971,7.8433,"mask-rate: 0.87, positions: 0-241"
MAQLKQGGPSLVQGMRSLSSTATSTGFSSFNYEVDWVRQEPTHGLSWLGVDWSGGETMYNTSATTQLSCTRIERKMQVTLKHNSLDTDPGWIYYCARDLTYYDYYFAYLRPHTLLWVSKGGGGFGDGGSGGGGSDILPLRSMARLEASRREPVIQFCREYQSIFSRMNWYQSLTSGSLNLLTRMPMPRGSLIGHRLLGMGAGTAKCRSYNSVDYLWIMDYYCDQNNNWTMTFLLGTDDEEK,1,0.998,7.7877,"mask-rate: 0.5, positions: 0-241"
MMETASDSSPAQEGCEVILDHFKTDFRINFSMMDLIAPDLDPSMVDFNVSTPFTQNMMIGRCDKPLTWNIIEMMYMLVKKLKTEESMQGNKQPTASRQMIMIIPKTRDSPDFSASAGRPVLPSCHEVRVQETMDHVYVQLTVGSKRIVNRFHNSMMSGDPWFIASLMMAGEFSMMIMTQDSMMIADMLNLGPRNNGAT,0,0.0011,7.7606,"mask-rate: 0.78, positions: 33-231"
LSITGTVSGFSDTNYAVHWVRQSPMKGLEALGVIWSGWNVDYSTPFTSRHWISSDTMKSQVFFPMNSLQTDFTAIYYCARCLTYYDYEFAYWGQLTLSAVSAPQGGSGGGGEGGGGSDILQSQSAVILSVSPMTLVSFSCIASQSXNXLLXXXVAPTHMYQQRKNGEPKLLILYASESISGIP,1,0.9986,7.7526,
