dataset	ProtT5	Random-Transformer	ESM2-3B	DPLM-150	Random	ANKH-Large	ESM2-35	ESMC-300	ESMC-600	DPLM-650	ESM2-150	GLM2-150	DSM-150	GLM2-650	ESM2-650	ProtBert	ESM2-8	DSM-650	ANKH-Base
BP_reg	"{""test_loss"": 0.16456618905067444, ""test_accuracy"": 0.96667, ""test_f1"": 0.23054, ""test_precision"": 0.67208, ""test_recall"": 0.13913, ""test_hamming_loss"": 0.03333, ""test_threshold"": 0.01, ""test_mcc"": 0.03164, ""test_auc"": 0.80517}"	"{""test_loss"": 0.1907385140657425, ""test_accuracy"": 0.96664, ""test_f1"": 0.16614, ""test_precision"": 0.37673, ""test_recall"": 0.10657, ""test_hamming_loss"": 0.03336, ""test_threshold"": 0.01, ""test_mcc"": 0.00886, ""test_auc"": 0.78433}"	"{""test_loss"": 0.17999684810638428, ""test_accuracy"": 0.96668, ""test_f1"": 0.22274, ""test_precision"": 0.65554, ""test_recall"": 0.13416, ""test_hamming_loss"": 0.03332, ""test_threshold"": 0.01, ""test_mcc"": 0.03321, ""test_auc"": 0.80217}"	"{""test_loss"": 0.17517776787281036, ""test_accuracy"": 0.96666, ""test_f1"": 0.23004, ""test_precision"": 0.60365, ""test_recall"": 0.1421, ""test_hamming_loss"": 0.03334, ""test_threshold"": 0.01, ""test_mcc"": 0.02562, ""test_auc"": 0.8134}"	"{""test_loss"": 0.1698857694864273, ""test_accuracy"": 0.96664, ""test_f1"": 0.06457, ""test_precision"": 0.03336, ""test_recall"": 1.0, ""test_hamming_loss"": 0.03336, ""test_threshold"": 0.0, ""test_mcc"": 0.0, ""test_auc"": 0.73314}"	"{""test_loss"": 0.16490216553211212, ""test_accuracy"": 0.96669, ""test_f1"": 0.22457, ""test_precision"": 0.68021, ""test_recall"": 0.13449, ""test_hamming_loss"": 0.03331, ""test_threshold"": 0.01, ""test_mcc"": 0.03911, ""test_auc"": 0.81833}"	"{""test_loss"": 0.16970884799957275, ""test_accuracy"": 0.96666, ""test_f1"": 0.22271, ""test_precision"": 0.58709, ""test_recall"": 0.13742, ""test_hamming_loss"": 0.03334, ""test_threshold"": 0.01, ""test_mcc"": 0.02726, ""test_auc"": 0.79927}"	"{""test_loss"": 0.17108267545700073, ""test_accuracy"": 0.96666, ""test_f1"": 0.21567, ""test_precision"": 0.57761, ""test_recall"": 0.13258, ""test_hamming_loss"": 0.03334, ""test_threshold"": 0.01, ""test_mcc"": 0.02275, ""test_auc"": 0.8185}"	"{""test_loss"": 0.1833178848028183, ""test_accuracy"": 0.96665, ""test_f1"": 0.21583, ""test_precision"": 0.57511, ""test_recall"": 0.13284, ""test_hamming_loss"": 0.03335, ""test_threshold"": 0.01, ""test_mcc"": 0.02205, ""test_auc"": 0.81553}"	"{""test_loss"": 0.1693008989095688, ""test_accuracy"": 0.96667, ""test_f1"": 0.22972, ""test_precision"": 0.67167, ""test_recall"": 0.13855, ""test_hamming_loss"": 0.03333, ""test_threshold"": 0.01, ""test_mcc"": 0.02962, ""test_auc"": 0.80395}"	"{""test_loss"": 0.17453747987747192, ""test_accuracy"": 0.96667, ""test_f1"": 0.22587, ""test_precision"": 0.62043, ""test_recall"": 0.13807, ""test_hamming_loss"": 0.03333, ""test_threshold"": 0.01, ""test_mcc"": 0.02899, ""test_auc"": 0.80317}"	"{""test_loss"": 0.19133712351322174, ""test_accuracy"": 0.96664, ""test_f1"": 0.18853, ""test_precision"": 0.43117, ""test_recall"": 0.12064, ""test_hamming_loss"": 0.03336, ""test_threshold"": 0.01, ""test_mcc"": 0.01268, ""test_auc"": 0.79092}"	"{""test_loss"": 0.168494313955307, ""test_accuracy"": 0.96666, ""test_f1"": 0.22545, ""test_precision"": 0.59658, ""test_recall"": 0.13899, ""test_hamming_loss"": 0.03334, ""test_threshold"": 0.01, ""test_mcc"": 0.02332, ""test_auc"": 0.80978}"	"{""test_loss"": 0.1814114898443222, ""test_accuracy"": 0.96664, ""test_f1"": 0.18254, ""test_precision"": 0.43292, ""test_recall"": 0.11565, ""test_hamming_loss"": 0.03336, ""test_threshold"": 0.01, ""test_mcc"": 0.00673, ""test_auc"": 0.79951}"	"{""test_loss"": 0.1672840267419815, ""test_accuracy"": 0.96667, ""test_f1"": 0.22991, ""test_precision"": 0.65486, ""test_recall"": 0.13943, ""test_hamming_loss"": 0.03333, ""test_threshold"": 0.01, ""test_mcc"": 0.02899, ""test_auc"": 0.80014}"	"{""test_loss"": 0.19107939302921295, ""test_accuracy"": 0.96666, ""test_f1"": 0.21358, ""test_precision"": 0.54655, ""test_recall"": 0.13272, ""test_hamming_loss"": 0.03334, ""test_threshold"": 0.01, ""test_mcc"": 0.02598, ""test_auc"": 0.80141}"	"{""test_loss"": 0.18204815685749054, ""test_accuracy"": 0.96665, ""test_f1"": 0.20681, ""test_precision"": 0.52778, ""test_recall"": 0.1286, ""test_hamming_loss"": 0.03335, ""test_threshold"": 0.01, ""test_mcc"": 0.02194, ""test_auc"": 0.78189}"	"{""test_loss"": 0.17236736416816711, ""test_accuracy"": 0.96666, ""test_f1"": 0.22812, ""test_precision"": 0.62336, ""test_recall"": 0.13961, ""test_hamming_loss"": 0.03334, ""test_threshold"": 0.01, ""test_mcc"": 0.02628, ""test_auc"": 0.80769}"	"{""test_loss"": 0.17659984529018402, ""test_accuracy"": 0.96669, ""test_f1"": 0.2327, ""test_precision"": 0.68255, ""test_recall"": 0.14026, ""test_hamming_loss"": 0.03331, ""test_threshold"": 0.01, ""test_mcc"": 0.03866, ""test_auc"": 0.8066}"
CC_reg	"{""test_loss"": 0.1564813107252121, ""test_accuracy"": 0.96411, ""test_f1"": 0.44024, ""test_precision"": 0.45636, ""test_recall"": 0.42521, ""test_hamming_loss"": 0.03589, ""test_threshold"": 0.01, ""test_mcc"": 0.13803, ""test_auc"": 0.88582}"	"{""test_loss"": 0.18396295607089996, ""test_accuracy"": 0.96351, ""test_f1"": 0.33222, ""test_precision"": 0.27255, ""test_recall"": 0.42534, ""test_hamming_loss"": 0.03649, ""test_threshold"": 0.01, ""test_mcc"": 0.05811, ""test_auc"": 0.83635}"	"{""test_loss"": 0.1548767238855362, ""test_accuracy"": 0.9642, ""test_f1"": 0.42949, ""test_precision"": 0.46832, ""test_recall"": 0.3966, ""test_hamming_loss"": 0.0358, ""test_threshold"": 0.01, ""test_mcc"": 0.14689, ""test_auc"": 0.88303}"	"{""test_loss"": 0.17010480165481567, ""test_accuracy"": 0.96408, ""test_f1"": 0.41638, ""test_precision"": 0.43133, ""test_recall"": 0.40244, ""test_hamming_loss"": 0.03592, ""test_threshold"": 0.01, ""test_mcc"": 0.13624, ""test_auc"": 0.86929}"	"{""test_loss"": 0.1750638782978058, ""test_accuracy"": 0.96339, ""test_f1"": 0.27983, ""test_precision"": 0.21793, ""test_recall"": 0.39084, ""test_hamming_loss"": 0.03661, ""test_threshold"": 0.01, ""test_mcc"": 0.0, ""test_auc"": 0.7708}"	"{""test_loss"": 0.1535211205482483, ""test_accuracy"": 0.9644, ""test_f1"": 0.42929, ""test_precision"": 0.49603, ""test_recall"": 0.37839, ""test_hamming_loss"": 0.0356, ""test_threshold"": 0.01, ""test_mcc"": 0.16381, ""test_auc"": 0.87273}"	"{""test_loss"": 0.18822701275348663, ""test_accuracy"": 0.96402, ""test_f1"": 0.41007, ""test_precision"": 0.42928, ""test_recall"": 0.3925, ""test_hamming_loss"": 0.03598, ""test_threshold"": 0.01, ""test_mcc"": 0.12995, ""test_auc"": 0.8719}"	"{""test_loss"": 0.14622551202774048, ""test_accuracy"": 0.96415, ""test_f1"": 0.438, ""test_precision"": 0.44975, ""test_recall"": 0.42684, ""test_hamming_loss"": 0.03585, ""test_threshold"": 0.01, ""test_mcc"": 0.14252, ""test_auc"": 0.8895}"	"{""test_loss"": 0.16550549864768982, ""test_accuracy"": 0.96418, ""test_f1"": 0.41766, ""test_precision"": 0.45812, ""test_recall"": 0.38376, ""test_hamming_loss"": 0.03582, ""test_threshold"": 0.01, ""test_mcc"": 0.14548, ""test_auc"": 0.88972}"	"{""test_loss"": 0.15677569806575775, ""test_accuracy"": 0.964, ""test_f1"": 0.42942, ""test_precision"": 0.42575, ""test_recall"": 0.43316, ""test_hamming_loss"": 0.036, ""test_threshold"": 0.01, ""test_mcc"": 0.12757, ""test_auc"": 0.87798}"	"{""test_loss"": 0.16256241500377655, ""test_accuracy"": 0.96409, ""test_f1"": 0.42921, ""test_precision"": 0.43788, ""test_recall"": 0.42088, ""test_hamming_loss"": 0.03591, ""test_threshold"": 0.01, ""test_mcc"": 0.13647, ""test_auc"": 0.88607}"	"{""test_loss"": 0.1695336550474167, ""test_accuracy"": 0.96365, ""test_f1"": 0.35452, ""test_precision"": 0.29892, ""test_recall"": 0.43553, ""test_hamming_loss"": 0.03635, ""test_threshold"": 0.01, ""test_mcc"": 0.08352, ""test_auc"": 0.8586}"	"{""test_loss"": 0.1712246686220169, ""test_accuracy"": 0.96402, ""test_f1"": 0.41175, ""test_precision"": 0.4083, ""test_recall"": 0.41525, ""test_hamming_loss"": 0.03598, ""test_threshold"": 0.01, ""test_mcc"": 0.12985, ""test_auc"": 0.87326}"	"{""test_loss"": 0.16989953815937042, ""test_accuracy"": 0.96371, ""test_f1"": 0.35209, ""test_precision"": 0.29278, ""test_recall"": 0.44152, ""test_hamming_loss"": 0.03629, ""test_threshold"": 0.01, ""test_mcc"": 0.0922, ""test_auc"": 0.85216}"	"{""test_loss"": 0.15747682750225067, ""test_accuracy"": 0.96397, ""test_f1"": 0.44749, ""test_precision"": 0.4505, ""test_recall"": 0.44452, ""test_hamming_loss"": 0.03603, ""test_threshold"": 0.01, ""test_mcc"": 0.12454, ""test_auc"": 0.89118}"	"{""test_loss"": 0.15903550386428833, ""test_accuracy"": 0.96409, ""test_f1"": 0.42294, ""test_precision"": 0.42184, ""test_recall"": 0.42404, ""test_hamming_loss"": 0.03591, ""test_threshold"": 0.01, ""test_mcc"": 0.13683, ""test_auc"": 0.88897}"	"{""test_loss"": 0.18050265312194824, ""test_accuracy"": 0.96384, ""test_f1"": 0.39283, ""test_precision"": 0.37833, ""test_recall"": 0.40847, ""test_hamming_loss"": 0.03616, ""test_threshold"": 0.01, ""test_mcc"": 0.11039, ""test_auc"": 0.86429}"	"{""test_loss"": 0.15605713427066803, ""test_accuracy"": 0.96404, ""test_f1"": 0.44245, ""test_precision"": 0.44152, ""test_recall"": 0.44338, ""test_hamming_loss"": 0.03596, ""test_threshold"": 0.01, ""test_mcc"": 0.13178, ""test_auc"": 0.8906}"	"{""test_loss"": 0.16907328367233276, ""test_accuracy"": 0.96419, ""test_f1"": 0.41828, ""test_precision"": 0.46372, ""test_recall"": 0.38096, ""test_hamming_loss"": 0.03581, ""test_threshold"": 0.01, ""test_mcc"": 0.1462, ""test_auc"": 0.86848}"
DL10_reg	"{""test_loss"": 0.6595646739006042, ""test_f1"": 0.62948, ""test_precision"": 0.72463, ""test_recall"": 0.62516, ""test_accuracy"": 0.79235, ""test_mcc"": 0.74972, ""test_auc"": 0.97181}"	"{""test_loss"": 1.323871374130249, ""test_f1"": 0.38273, ""test_precision"": 0.43404, ""test_recall"": 0.39085, ""test_accuracy"": 0.55556, ""test_mcc"": 0.4578, ""test_auc"": 0.85865}"	"{""test_loss"": 0.6770521998405457, ""test_f1"": 0.67831, ""test_precision"": 0.76658, ""test_recall"": 0.65941, ""test_accuracy"": 0.81785, ""test_mcc"": 0.78017, ""test_auc"": 0.97071}"	"{""test_loss"": 0.7373077869415283, ""test_f1"": 0.61624, ""test_precision"": 0.711, ""test_recall"": 0.60714, ""test_accuracy"": 0.77341, ""test_mcc"": 0.72654, ""test_auc"": 0.96048}"	"{""test_loss"": 1.9778478145599365, ""test_f1"": 0.04509, ""test_precision"": 0.02911, ""test_recall"": 0.1, ""test_accuracy"": 0.29107, ""test_mcc"": 0.0, ""test_auc"": 0.54776}"	"{""test_loss"": 0.6831610798835754, ""test_f1"": 0.64067, ""test_precision"": 0.72116, ""test_recall"": 0.63397, ""test_accuracy"": 0.80546, ""test_mcc"": 0.76472, ""test_auc"": 0.96768}"	"{""test_loss"": 0.8293813467025757, ""test_f1"": 0.59214, ""test_precision"": 0.69496, ""test_recall"": 0.57484, ""test_accuracy"": 0.75009, ""test_mcc"": 0.69737, ""test_auc"": 0.95149}"	"{""test_loss"": 0.7356148958206177, ""test_f1"": 0.59885, ""test_precision"": 0.60781, ""test_recall"": 0.60361, ""test_accuracy"": 0.76648, ""test_mcc"": 0.71858, ""test_auc"": 0.95753}"	"{""test_loss"": 0.6964476108551025, ""test_f1"": 0.60092, ""test_precision"": 0.62529, ""test_recall"": 0.6133, ""test_accuracy"": 0.77523, ""test_mcc"": 0.72853, ""test_auc"": 0.96292}"	"{""test_loss"": 0.6864888668060303, ""test_f1"": 0.61944, ""test_precision"": 0.72905, ""test_recall"": 0.62363, ""test_accuracy"": 0.7949, ""test_mcc"": 0.75273, ""test_auc"": 0.96806}"	"{""test_loss"": 0.7774118781089783, ""test_f1"": 0.62614, ""test_precision"": 0.67803, ""test_recall"": 0.61387, ""test_accuracy"": 0.77596, ""test_mcc"": 0.72895, ""test_auc"": 0.95923}"	"{""test_loss"": 1.0783703327178955, ""test_f1"": 0.47566, ""test_precision"": 0.5008, ""test_recall"": 0.47638, ""test_accuracy"": 0.65064, ""test_mcc"": 0.57872, ""test_auc"": 0.91183}"	"{""test_loss"": 0.7639071941375732, ""test_f1"": 0.61123, ""test_precision"": 0.69794, ""test_recall"": 0.59781, ""test_accuracy"": 0.77231, ""test_mcc"": 0.72452, ""test_auc"": 0.95756}"	"{""test_loss"": 1.08930242061615, ""test_f1"": 0.50375, ""test_precision"": 0.53373, ""test_recall"": 0.50175, ""test_accuracy"": 0.63789, ""test_mcc"": 0.56584, ""test_auc"": 0.91299}"	"{""test_loss"": 0.7227703928947449, ""test_f1"": 0.58028, ""test_precision"": 0.61891, ""test_recall"": 0.58769, ""test_accuracy"": 0.77559, ""test_mcc"": 0.72948, ""test_auc"": 0.96493}"	"{""test_loss"": 0.8071852922439575, ""test_f1"": 0.5805, ""test_precision"": 0.66363, ""test_recall"": 0.57122, ""test_accuracy"": 0.73807, ""test_mcc"": 0.68334, ""test_auc"": 0.94898}"	"{""test_loss"": 0.9043658971786499, ""test_f1"": 0.53197, ""test_precision"": 0.57867, ""test_recall"": 0.53073, ""test_accuracy"": 0.7031, ""test_mcc"": 0.64041, ""test_auc"": 0.93757}"	"{""test_loss"": 0.6762032508850098, ""test_f1"": 0.65919, ""test_precision"": 0.72178, ""test_recall"": 0.6435, ""test_accuracy"": 0.79271, ""test_mcc"": 0.75195, ""test_auc"": 0.96693}"	"{""test_loss"": 0.743713915348053, ""test_f1"": 0.60057, ""test_precision"": 0.71257, ""test_recall"": 0.60087, ""test_accuracy"": 0.77341, ""test_mcc"": 0.72664, ""test_auc"": 0.96293}"
DL2_reg	"{""test_loss"": 0.2650924623012543, ""test_f1"": 0.92683, ""test_precision"": 0.92936, ""test_recall"": 0.92479, ""test_accuracy"": 0.92886, ""test_mcc"": 0.85414, ""test_auc"": 0.92479}"	"{""test_loss"": 0.47477275133132935, ""test_f1"": 0.75768, ""test_precision"": 0.79549, ""test_recall"": 0.75153, ""test_accuracy"": 0.77675, ""test_mcc"": 0.54525, ""test_auc"": 0.75153}"	"{""test_loss"": 0.2530393898487091, ""test_f1"": 0.90415, ""test_precision"": 0.90401, ""test_recall"": 0.9043, ""test_accuracy"": 0.9063, ""test_mcc"": 0.80831, ""test_auc"": 0.9043}"	"{""test_loss"": 0.24910980463027954, ""test_f1"": 0.91194, ""test_precision"": 0.9145, ""test_recall"": 0.9099, ""test_accuracy"": 0.9144, ""test_mcc"": 0.82439, ""test_auc"": 0.9099}"	"{""test_loss"": 0.6832078695297241, ""test_f1"": 0.36527, ""test_precision"": 0.28774, ""test_recall"": 0.5, ""test_accuracy"": 0.57548, ""test_mcc"": 0.0, ""test_auc"": 0.5}"	"{""test_loss"": 0.33812129497528076, ""test_f1"": 0.90326, ""test_precision"": 0.90448, ""test_recall"": 0.90219, ""test_accuracy"": 0.90573, ""test_mcc"": 0.80666, ""test_auc"": 0.90219}"	"{""test_loss"": 0.2809760868549347, ""test_f1"": 0.89821, ""test_precision"": 0.90445, ""test_recall"": 0.8942, ""test_accuracy"": 0.90168, ""test_mcc"": 0.79859, ""test_auc"": 0.8942}"	"{""test_loss"": 0.24380187690258026, ""test_f1"": 0.90969, ""test_precision"": 0.92007, ""test_recall"": 0.9039, ""test_accuracy"": 0.91324, ""test_mcc"": 0.82381, ""test_auc"": 0.9039}"	"{""test_loss"": 0.24291974306106567, ""test_f1"": 0.89847, ""test_precision"": 0.90704, ""test_recall"": 0.89345, ""test_accuracy"": 0.90226, ""test_mcc"": 0.80038, ""test_auc"": 0.89345}"	"{""test_loss"": 0.25491195917129517, ""test_f1"": 0.90068, ""test_precision"": 0.91068, ""test_recall"": 0.89511, ""test_accuracy"": 0.90457, ""test_mcc"": 0.80564, ""test_auc"": 0.89511}"	"{""test_loss"": 0.26816993951797485, ""test_f1"": 0.91089, ""test_precision"": 0.9213, ""test_recall"": 0.90508, ""test_accuracy"": 0.9144, ""test_mcc"": 0.82622, ""test_auc"": 0.90508}"	"{""test_loss"": 0.2772565484046936, ""test_f1"": 0.88469, ""test_precision"": 0.91043, ""test_recall"": 0.87515, ""test_accuracy"": 0.89127, ""test_mcc"": 0.78479, ""test_auc"": 0.87515}"	"{""test_loss"": 0.2705629765987396, ""test_f1"": 0.89803, ""test_precision"": 0.90982, ""test_recall"": 0.89185, ""test_accuracy"": 0.90226, ""test_mcc"": 0.80147, ""test_auc"": 0.89185}"	"{""test_loss"": 0.3160458207130432, ""test_f1"": 0.88188, ""test_precision"": 0.89234, ""test_recall"": 0.87631, ""test_accuracy"": 0.88664, ""test_mcc"": 0.76849, ""test_auc"": 0.87631}"	"{""test_loss"": 0.26578569412231445, ""test_f1"": 0.90265, ""test_precision"": 0.90396, ""test_recall"": 0.90151, ""test_accuracy"": 0.90515, ""test_mcc"": 0.80546, ""test_auc"": 0.90151}"	"{""test_loss"": 0.3064385652542114, ""test_f1"": 0.87798, ""test_precision"": 0.88649, ""test_recall"": 0.87315, ""test_accuracy"": 0.88259, ""test_mcc"": 0.75952, ""test_auc"": 0.87315}"	"{""test_loss"": 0.3108151853084564, ""test_f1"": 0.88257, ""test_precision"": 0.89252, ""test_recall"": 0.87717, ""test_accuracy"": 0.88722, ""test_mcc"": 0.76954, ""test_auc"": 0.87717}"	"{""test_loss"": 0.292428582906723, ""test_f1"": 0.90207, ""test_precision"": 0.91072, ""test_recall"": 0.89701, ""test_accuracy"": 0.90573, ""test_mcc"": 0.80761, ""test_auc"": 0.89701}"	"{""test_loss"": 0.28433388471603394, ""test_f1"": 0.91266, ""test_precision"": 0.91448, ""test_recall"": 0.91112, ""test_accuracy"": 0.91498, ""test_mcc"": 0.8256, ""test_auc"": 0.91112}"
EC_reg	"{""test_loss"": 0.004272052552551031, ""test_accuracy"": 0.99783, ""test_f1"": 0.77874, ""test_precision"": 0.77758, ""test_recall"": 0.7799, ""test_hamming_loss"": 0.00217, ""test_threshold"": 0.02, ""test_mcc"": 0.62668, ""test_auc"": 0.99133}"	"{""test_loss"": 0.013791578821837902, ""test_accuracy"": 0.99678, ""test_f1"": 0.44328, ""test_precision"": 0.49306, ""test_recall"": 0.40262, ""test_hamming_loss"": 0.00322, ""test_threshold"": 0.14, ""test_mcc"": 0.33731, ""test_auc"": 0.96111}"	"{""test_loss"": 0.004258954897522926, ""test_accuracy"": 0.99783, ""test_f1"": 0.77237, ""test_precision"": 0.82173, ""test_recall"": 0.7286, ""test_hamming_loss"": 0.00217, ""test_threshold"": 0.03, ""test_mcc"": 0.62781, ""test_auc"": 0.99048}"	"{""test_loss"": 0.005015069618821144, ""test_accuracy"": 0.99776, ""test_f1"": 0.74074, ""test_precision"": 0.77449, ""test_recall"": 0.70981, ""test_hamming_loss"": 0.00224, ""test_threshold"": 0.04, ""test_mcc"": 0.61145, ""test_auc"": 0.9874}"	"{""test_loss"": 0.022041045129299164, ""test_accuracy"": 0.99643, ""test_f1"": 0.06427, ""test_precision"": 0.04106, ""test_recall"": 0.14793, ""test_hamming_loss"": 0.00357, ""test_threshold"": 0.02, ""test_mcc"": 0.0, ""test_auc"": 0.7815}"	"{""test_loss"": 0.004191782791167498, ""test_accuracy"": 0.99787, ""test_f1"": 0.78502, ""test_precision"": 0.82303, ""test_recall"": 0.75037, ""test_hamming_loss"": 0.00213, ""test_threshold"": 0.03, ""test_mcc"": 0.63601, ""test_auc"": 0.98795}"	"{""test_loss"": 0.005450937431305647, ""test_accuracy"": 0.99768, ""test_f1"": 0.71996, ""test_precision"": 0.76045, ""test_recall"": 0.68357, ""test_hamming_loss"": 0.00232, ""test_threshold"": 0.06, ""test_mcc"": 0.59278, ""test_auc"": 0.98487}"	"{""test_loss"": 0.005416386760771275, ""test_accuracy"": 0.99771, ""test_f1"": 0.73034, ""test_precision"": 0.78163, ""test_recall"": 0.68536, ""test_hamming_loss"": 0.00229, ""test_threshold"": 0.06, ""test_mcc"": 0.60118, ""test_auc"": 0.98934}"	"{""test_loss"": 0.005863943602889776, ""test_accuracy"": 0.99765, ""test_f1"": 0.7123, ""test_precision"": 0.75594, ""test_recall"": 0.67343, ""test_hamming_loss"": 0.00235, ""test_threshold"": 0.06, ""test_mcc"": 0.58656, ""test_auc"": 0.98662}"	"{""test_loss"": 0.004432132933288813, ""test_accuracy"": 0.99782, ""test_f1"": 0.7632, ""test_precision"": 0.80416, ""test_recall"": 0.72622, ""test_hamming_loss"": 0.00218, ""test_threshold"": 0.03, ""test_mcc"": 0.62645, ""test_auc"": 0.98922}"	"{""test_loss"": 0.004806539509445429, ""test_accuracy"": 0.99772, ""test_f1"": 0.73852, ""test_precision"": 0.79342, ""test_recall"": 0.69072, ""test_hamming_loss"": 0.00228, ""test_threshold"": 0.06, ""test_mcc"": 0.60276, ""test_auc"": 0.98876}"	"{""test_loss"": 0.008368615061044693, ""test_accuracy"": 0.99735, ""test_f1"": 0.62951, ""test_precision"": 0.69154, ""test_recall"": 0.57769, ""test_hamming_loss"": 0.00265, ""test_threshold"": 0.12, ""test_mcc"": 0.51476, ""test_auc"": 0.98353}"	"{""test_loss"": 0.0052198972553014755, ""test_accuracy"": 0.99769, ""test_f1"": 0.72893, ""test_precision"": 0.77236, ""test_recall"": 0.69013, ""test_hamming_loss"": 0.00231, ""test_threshold"": 0.07, ""test_mcc"": 0.59557, ""test_auc"": 0.98883}"	"{""test_loss"": 0.00896542239934206, ""test_accuracy"": 0.9973, ""test_f1"": 0.61116, ""test_precision"": 0.66737, ""test_recall"": 0.56367, ""test_hamming_loss"": 0.0027, ""test_threshold"": 0.12, ""test_mcc"": 0.49895, ""test_auc"": 0.98279}"	"{""test_loss"": 0.004612951073795557, ""test_accuracy"": 0.99782, ""test_f1"": 0.75975, ""test_precision"": 0.78983, ""test_recall"": 0.73188, ""test_hamming_loss"": 0.00218, ""test_threshold"": 0.03, ""test_mcc"": 0.62554, ""test_auc"": 0.98938}"	"{""test_loss"": 0.00603519706055522, ""test_accuracy"": 0.99765, ""test_f1"": 0.69343, ""test_precision"": 0.75122, ""test_recall"": 0.6439, ""test_hamming_loss"": 0.00235, ""test_threshold"": 0.07, ""test_mcc"": 0.58698, ""test_auc"": 0.98552}"	"{""test_loss"": 0.007004144601523876, ""test_accuracy"": 0.99744, ""test_f1"": 0.65244, ""test_precision"": 0.71869, ""test_recall"": 0.59738, ""test_hamming_loss"": 0.00256, ""test_threshold"": 0.1, ""test_mcc"": 0.53712, ""test_auc"": 0.98008}"	"{""test_loss"": 0.0046792663633823395, ""test_accuracy"": 0.99775, ""test_f1"": 0.75832, ""test_precision"": 0.81395, ""test_recall"": 0.70981, ""test_hamming_loss"": 0.00225, ""test_threshold"": 0.06, ""test_mcc"": 0.61068, ""test_auc"": 0.99055}"	"{""test_loss"": 0.004427038133144379, ""test_accuracy"": 0.9978, ""test_f1"": 0.78454, ""test_precision"": 0.82521, ""test_recall"": 0.74769, ""test_hamming_loss"": 0.0022, ""test_threshold"": 0.04, ""test_mcc"": 0.62048, ""test_auc"": 0.99031}"
HPPI	"{""test_loss"": 0.5572077631950378, ""test_f1"": 0.7876, ""test_precision"": 0.78812, ""test_recall"": 0.79423, ""test_accuracy"": 0.78889, ""test_mcc"": 0.58232, ""test_auc"": 0.79423}"	"{""test_loss"": 0.5816721320152283, ""test_f1"": 0.72463, ""test_precision"": 0.72826, ""test_recall"": 0.72273, ""test_accuracy"": 0.73333, ""test_mcc"": 0.45096, ""test_auc"": 0.72273}"	"{""test_loss"": 0.5857767462730408, ""test_f1"": 0.76562, ""test_precision"": 0.7675, ""test_recall"": 0.77317, ""test_accuracy"": 0.76667, ""test_mcc"": 0.54064, ""test_auc"": 0.77317}"	"{""test_loss"": 0.4743373990058899, ""test_f1"": 0.79504, ""test_precision"": 0.79619, ""test_recall"": 0.7941, ""test_accuracy"": 0.8, ""test_mcc"": 0.59029, ""test_auc"": 0.7941}"	"{""test_loss"": 0.6830190420150757, ""test_f1"": 0.36396, ""test_precision"": 0.28611, ""test_recall"": 0.5, ""test_accuracy"": 0.57222, ""test_mcc"": 0.0, ""test_auc"": 0.5}"	"{""test_loss"": 0.47285428643226624, ""test_f1"": 0.78108, ""test_precision"": 0.7877, ""test_recall"": 0.77783, ""test_accuracy"": 0.78889, ""test_mcc"": 0.56545, ""test_auc"": 0.77783}"	"{""test_loss"": 0.5333680510520935, ""test_f1"": 0.72463, ""test_precision"": 0.72826, ""test_recall"": 0.72273, ""test_accuracy"": 0.73333, ""test_mcc"": 0.45096, ""test_auc"": 0.72273}"	"{""test_loss"": 0.465307354927063, ""test_f1"": 0.74655, ""test_precision"": 0.74552, ""test_recall"": 0.74877, ""test_accuracy"": 0.75, ""test_mcc"": 0.49428, ""test_auc"": 0.74877}"	"{""test_loss"": 0.5702705979347229, ""test_f1"": 0.74365, ""test_precision"": 0.74713, ""test_recall"": 0.75211, ""test_accuracy"": 0.74444, ""test_mcc"": 0.49921, ""test_auc"": 0.75211}"	"{""test_loss"": 0.5549816489219666, ""test_f1"": 0.74334, ""test_precision"": 0.7449, ""test_recall"": 0.74221, ""test_accuracy"": 0.75, ""test_mcc"": 0.48711, ""test_auc"": 0.74221}"	"{""test_loss"": 0.4814704954624176, ""test_f1"": 0.75399, ""test_precision"": 0.78968, ""test_recall"": 0.74852, ""test_accuracy"": 0.77222, ""test_mcc"": 0.53662, ""test_auc"": 0.74852}"	"{""test_loss"": 0.5699354410171509, ""test_f1"": 0.66999, ""test_precision"": 0.69709, ""test_recall"": 0.66908, ""test_accuracy"": 0.69444, ""test_mcc"": 0.3651, ""test_auc"": 0.66908}"	"{""test_loss"": 0.4638848900794983, ""test_f1"": 0.79879, ""test_precision"": 0.80455, ""test_recall"": 0.79568, ""test_accuracy"": 0.80556, ""test_mcc"": 0.60016, ""test_auc"": 0.79568}"	"{""test_loss"": 0.5564064383506775, ""test_f1"": 0.68015, ""test_precision"": 0.72884, ""test_recall"": 0.68037, ""test_accuracy"": 0.71111, ""test_mcc"": 0.40633, ""test_auc"": 0.68037}"	"{""test_loss"": 0.49039968848228455, ""test_f1"": 0.74018, ""test_precision"": 0.74711, ""test_recall"": 0.7373, ""test_accuracy"": 0.75, ""test_mcc"": 0.48431, ""test_auc"": 0.7373}"	"{""test_loss"": 0.5274503231048584, ""test_f1"": 0.74125, ""test_precision"": 0.74028, ""test_recall"": 0.74392, ""test_accuracy"": 0.74444, ""test_mcc"": 0.48418, ""test_auc"": 0.74392}"	"{""test_loss"": 0.5095517039299011, ""test_f1"": 0.71948, ""test_precision"": 0.7326, ""test_recall"": 0.71618, ""test_accuracy"": 0.73333, ""test_mcc"": 0.44848, ""test_auc"": 0.71618}"	"{""test_loss"": 0.42809218168258667, ""test_f1"": 0.80233, ""test_precision"": 0.80125, ""test_recall"": 0.80387, ""test_accuracy"": 0.80556, ""test_mcc"": 0.60512, ""test_auc"": 0.80387}"	"{""test_loss"": 0.45261886715888977, ""test_f1"": 0.77124, ""test_precision"": 0.81192, ""test_recall"": 0.76472, ""test_accuracy"": 0.78889, ""test_mcc"": 0.5747, ""test_auc"": 0.76472}"
MB_reg	"{""test_loss"": 0.5282028317451477, ""test_f1"": 0.72711, ""test_precision"": 0.72769, ""test_recall"": 0.72692, ""test_accuracy"": 0.72782, ""test_mcc"": 0.45461, ""test_auc"": 0.72692}"	"{""test_loss"": 0.6293320059776306, ""test_f1"": 0.59354, ""test_precision"": 0.64744, ""test_recall"": 0.61279, ""test_accuracy"": 0.62105, ""test_mcc"": 0.25791, ""test_auc"": 0.61279}"	"{""test_loss"": 0.5060081481933594, ""test_f1"": 0.74218, ""test_precision"": 0.7428, ""test_recall"": 0.74198, ""test_accuracy"": 0.74286, ""test_mcc"": 0.48477, ""test_auc"": 0.74198}"	"{""test_loss"": 0.6343043446540833, ""test_f1"": 0.62392, ""test_precision"": 0.62507, ""test_recall"": 0.62402, ""test_accuracy"": 0.62556, ""test_mcc"": 0.24909, ""test_auc"": 0.62402}"	"{""test_loss"": 0.6932116746902466, ""test_f1"": 0.34093, ""test_precision"": 0.25865, ""test_recall"": 0.5, ""test_accuracy"": 0.51729, ""test_mcc"": 0.0, ""test_auc"": 0.5}"	"{""test_loss"": 0.6434301137924194, ""test_f1"": 0.64864, ""test_precision"": 0.68662, ""test_recall"": 0.65806, ""test_accuracy"": 0.66466, ""test_mcc"": 0.3435, ""test_auc"": 0.65806}"	"{""test_loss"": 0.5708748698234558, ""test_f1"": 0.69444, ""test_precision"": 0.7068, ""test_recall"": 0.69973, ""test_accuracy"": 0.69624, ""test_mcc"": 0.40647, ""test_auc"": 0.69973}"	"{""test_loss"": 0.6226302981376648, ""test_f1"": 0.6568, ""test_precision"": 0.65678, ""test_recall"": 0.65684, ""test_accuracy"": 0.65714, ""test_mcc"": 0.31361, ""test_auc"": 0.65684}"	"{""test_loss"": 0.6350850462913513, ""test_f1"": 0.66089, ""test_precision"": 0.6741, ""test_recall"": 0.66357, ""test_accuracy"": 0.66767, ""test_mcc"": 0.33751, ""test_auc"": 0.66357}"	"{""test_loss"": 0.6164360046386719, ""test_f1"": 0.70861, ""test_precision"": 0.71821, ""test_recall"": 0.71281, ""test_accuracy"": 0.70977, ""test_mcc"": 0.43098, ""test_auc"": 0.71281}"	"{""test_loss"": 0.5719113349914551, ""test_f1"": 0.65741, ""test_precision"": 0.66421, ""test_recall"": 0.65859, ""test_accuracy"": 0.66165, ""test_mcc"": 0.32275, ""test_auc"": 0.65859}"	"{""test_loss"": 0.6375961899757385, ""test_f1"": 0.54511, ""test_precision"": 0.65701, ""test_recall"": 0.58869, ""test_accuracy"": 0.6, ""test_mcc"": 0.23601, ""test_auc"": 0.58869}"	"{""test_loss"": 0.6587592363357544, ""test_f1"": 0.56889, ""test_precision"": 0.66373, ""test_recall"": 0.60313, ""test_accuracy"": 0.61353, ""test_mcc"": 0.25988, ""test_auc"": 0.60313}"	"{""test_loss"": 0.6117979288101196, ""test_f1"": 0.64604, ""test_precision"": 0.64816, ""test_recall"": 0.64624, ""test_accuracy"": 0.64812, ""test_mcc"": 0.29439, ""test_auc"": 0.64624}"	"{""test_loss"": 0.6079010367393494, ""test_f1"": 0.66163, ""test_precision"": 0.68379, ""test_recall"": 0.67097, ""test_accuracy"": 0.66617, ""test_mcc"": 0.35453, ""test_auc"": 0.67097}"	"{""test_loss"": 0.6530523300170898, ""test_f1"": 0.66816, ""test_precision"": 0.69632, ""test_recall"": 0.67406, ""test_accuracy"": 0.6797, ""test_mcc"": 0.36971, ""test_auc"": 0.67406}"	"{""test_loss"": 0.6326324343681335, ""test_f1"": 0.65132, ""test_precision"": 0.65797, ""test_recall"": 0.65257, ""test_accuracy"": 0.65564, ""test_mcc"": 0.31049, ""test_auc"": 0.65257}"	"{""test_loss"": 0.5636244416236877, ""test_f1"": 0.67348, ""test_precision"": 0.67866, ""test_recall"": 0.67407, ""test_accuracy"": 0.67669, ""test_mcc"": 0.35269, ""test_auc"": 0.67407}"	"{""test_loss"": 0.5269054770469666, ""test_f1"": 0.7323, ""test_precision"": 0.73261, ""test_recall"": 0.73284, ""test_accuracy"": 0.73233, ""test_mcc"": 0.46545, ""test_auc"": 0.73284}"
MF_reg	"{""test_loss"": 0.06305605173110962, ""test_accuracy"": 0.98262, ""test_f1"": 0.53773, ""test_precision"": 0.63566, ""test_recall"": 0.46595, ""test_hamming_loss"": 0.01738, ""test_threshold"": 0.01, ""test_mcc"": 0.20868, ""test_auc"": 0.89319}"	"{""test_loss"": 0.08504550904035568, ""test_accuracy"": 0.98193, ""test_f1"": 0.30318, ""test_precision"": 0.29023, ""test_recall"": 0.31734, ""test_hamming_loss"": 0.01807, ""test_threshold"": 0.02, ""test_mcc"": 0.07945, ""test_auc"": 0.85276}"	"{""test_loss"": 0.06095017120242119, ""test_accuracy"": 0.98264, ""test_f1"": 0.52028, ""test_precision"": 0.60723, ""test_recall"": 0.45511, ""test_hamming_loss"": 0.01736, ""test_threshold"": 0.01, ""test_mcc"": 0.21158, ""test_auc"": 0.88713}"	"{""test_loss"": 0.06180279701948166, ""test_accuracy"": 0.98253, ""test_f1"": 0.51173, ""test_precision"": 0.64962, ""test_recall"": 0.42213, ""test_hamming_loss"": 0.01747, ""test_threshold"": 0.02, ""test_mcc"": 0.19684, ""test_auc"": 0.88171}"	"{""test_loss"": 0.09054534137248993, ""test_accuracy"": 0.98182, ""test_f1"": 0.15188, ""test_precision"": 0.10868, ""test_recall"": 0.25207, ""test_hamming_loss"": 0.01818, ""test_threshold"": 0.01001, ""test_mcc"": 0.0, ""test_auc"": 0.7424}"	"{""test_loss"": 0.0602794773876667, ""test_accuracy"": 0.98268, ""test_f1"": 0.54129, ""test_precision"": 0.62172, ""test_recall"": 0.47928, ""test_hamming_loss"": 0.01732, ""test_threshold"": 0.01, ""test_mcc"": 0.21645, ""test_auc"": 0.88941}"	"{""test_loss"": 0.06427051872015, ""test_accuracy"": 0.98245, ""test_f1"": 0.48902, ""test_precision"": 0.61208, ""test_recall"": 0.40716, ""test_hamming_loss"": 0.01755, ""test_threshold"": 0.02, ""test_mcc"": 0.18541, ""test_auc"": 0.8733}"	"{""test_loss"": 0.0661083236336708, ""test_accuracy"": 0.9825, ""test_f1"": 0.48192, ""test_precision"": 0.61254, ""test_recall"": 0.39722, ""test_hamming_loss"": 0.0175, ""test_threshold"": 0.02, ""test_mcc"": 0.19255, ""test_auc"": 0.87926}"	"{""test_loss"": 0.07267257571220398, ""test_accuracy"": 0.98256, ""test_f1"": 0.47833, ""test_precision"": 0.55248, ""test_recall"": 0.42173, ""test_hamming_loss"": 0.01744, ""test_threshold"": 0.01, ""test_mcc"": 0.20194, ""test_auc"": 0.87234}"	"{""test_loss"": 0.06315212696790695, ""test_accuracy"": 0.98255, ""test_f1"": 0.51823, ""test_precision"": 0.59222, ""test_recall"": 0.46068, ""test_hamming_loss"": 0.01745, ""test_threshold"": 0.01, ""test_mcc"": 0.19913, ""test_auc"": 0.88791}"	"{""test_loss"": 0.06129768118262291, ""test_accuracy"": 0.98246, ""test_f1"": 0.50948, ""test_precision"": 0.6387, ""test_recall"": 0.42375, ""test_hamming_loss"": 0.01754, ""test_threshold"": 0.02, ""test_mcc"": 0.18717, ""test_auc"": 0.87915}"	"{""test_loss"": 0.07965706288814545, ""test_accuracy"": 0.98215, ""test_f1"": 0.39406, ""test_precision"": 0.42342, ""test_recall"": 0.36851, ""test_hamming_loss"": 0.01785, ""test_threshold"": 0.02, ""test_mcc"": 0.13503, ""test_auc"": 0.86654}"	"{""test_loss"": 0.0623173862695694, ""test_accuracy"": 0.98251, ""test_f1"": 0.50084, ""test_precision"": 0.54417, ""test_recall"": 0.4639, ""test_hamming_loss"": 0.01749, ""test_threshold"": 0.01, ""test_mcc"": 0.1936, ""test_auc"": 0.88106}"	"{""test_loss"": 0.08264085650444031, ""test_accuracy"": 0.98206, ""test_f1"": 0.38548, ""test_precision"": 0.4075, ""test_recall"": 0.36572, ""test_hamming_loss"": 0.01794, ""test_threshold"": 0.02, ""test_mcc"": 0.11569, ""test_auc"": 0.86306}"	"{""test_loss"": 0.061546631157398224, ""test_accuracy"": 0.98255, ""test_f1"": 0.51618, ""test_precision"": 0.56935, ""test_recall"": 0.4721, ""test_hamming_loss"": 0.01745, ""test_threshold"": 0.01, ""test_mcc"": 0.19962, ""test_auc"": 0.8847}"	"{""test_loss"": 0.06318349391222, ""test_accuracy"": 0.9823, ""test_f1"": 0.4527, ""test_precision"": 0.52779, ""test_recall"": 0.39631, ""test_hamming_loss"": 0.0177, ""test_threshold"": 0.02, ""test_mcc"": 0.16156, ""test_auc"": 0.8763}"	"{""test_loss"": 0.0653655081987381, ""test_accuracy"": 0.98228, ""test_f1"": 0.45353, ""test_precision"": 0.52091, ""test_recall"": 0.40158, ""test_hamming_loss"": 0.01772, ""test_threshold"": 0.02, ""test_mcc"": 0.1583, ""test_auc"": 0.87156}"	"{""test_loss"": 0.0620783306658268, ""test_accuracy"": 0.98258, ""test_f1"": 0.51861, ""test_precision"": 0.58369, ""test_recall"": 0.46659, ""test_hamming_loss"": 0.01742, ""test_threshold"": 0.01, ""test_mcc"": 0.20325, ""test_auc"": 0.8874}"	"{""test_loss"": 0.056363049894571304, ""test_accuracy"": 0.9826, ""test_f1"": 0.55077, ""test_precision"": 0.62558, ""test_recall"": 0.49194, ""test_hamming_loss"": 0.0174, ""test_threshold"": 0.01, ""test_mcc"": 0.20524, ""test_auc"": 0.89002}"
bernett_gold_ppi	"{""test_loss"": 0.6931470632553101, ""test_f1"": 0.33333, ""test_precision"": 0.25, ""test_recall"": 0.5, ""test_accuracy"": 0.5, ""test_mcc"": 0.0, ""test_auc"": 0.5}"	"{""test_loss"": 0.6931470632553101, ""test_f1"": 0.33333, ""test_precision"": 0.25, ""test_recall"": 0.5, ""test_accuracy"": 0.5, ""test_mcc"": 0.0, ""test_auc"": 0.5}"	"{""test_loss"": 0.6931470632553101, ""test_f1"": 0.33333, ""test_precision"": 0.25, ""test_recall"": 0.5, ""test_accuracy"": 0.5, ""test_mcc"": 0.0, ""test_auc"": 0.5}"	"{""test_loss"": 0.6611942052841187, ""test_f1"": 0.59283, ""test_precision"": 0.61719, ""test_recall"": 0.60415, ""test_accuracy"": 0.60415, ""test_mcc"": 0.22096, ""test_auc"": 0.60415}"	"{""test_loss"": 0.6931471228599548, ""test_f1"": 0.33333, ""test_precision"": 0.25, ""test_recall"": 0.5, ""test_accuracy"": 0.5, ""test_mcc"": 0.0, ""test_auc"": 0.5}"	"{""test_loss"": 0.6377703547477722, ""test_f1"": 0.62919, ""test_precision"": 0.63592, ""test_recall"": 0.63192, ""test_accuracy"": 0.63192, ""test_mcc"": 0.26781, ""test_auc"": 0.63192}"	"{""test_loss"": 0.6559132933616638, ""test_f1"": 0.6036, ""test_precision"": 0.61625, ""test_recall"": 0.60942, ""test_accuracy"": 0.60942, ""test_mcc"": 0.22556, ""test_auc"": 0.60942}"	"{""test_loss"": 0.6931470632553101, ""test_f1"": 0.33333, ""test_precision"": 0.25, ""test_recall"": 0.5, ""test_accuracy"": 0.5, ""test_mcc"": 0.0, ""test_auc"": 0.5}"	"{""test_loss"": 0.6931461095809937, ""test_f1"": 0.39075, ""test_precision"": 0.53259, ""test_recall"": 0.50759, ""test_accuracy"": 0.50759, ""test_mcc"": 0.03145, ""test_auc"": 0.50759}"	"{""test_loss"": 0.6587113738059998, ""test_f1"": 0.5871, ""test_precision"": 0.62086, ""test_recall"": 0.60266, ""test_accuracy"": 0.60266, ""test_mcc"": 0.22278, ""test_auc"": 0.60266}"	"{""test_loss"": 0.6635866165161133, ""test_f1"": 0.60889, ""test_precision"": 0.60923, ""test_recall"": 0.60905, ""test_accuracy"": 0.60905, ""test_mcc"": 0.21828, ""test_auc"": 0.60905}"	"{""test_loss"": 0.6931470632553101, ""test_f1"": 0.33333, ""test_precision"": 0.25, ""test_recall"": 0.5, ""test_accuracy"": 0.5, ""test_mcc"": 0.0, ""test_auc"": 0.5}"	"{""test_loss"": 0.6602914929389954, ""test_f1"": 0.60033, ""test_precision"": 0.61134, ""test_recall"": 0.60554, ""test_accuracy"": 0.60554, ""test_mcc"": 0.2168, ""test_auc"": 0.60554}"	"{""test_loss"": 0.6931471228599548, ""test_f1"": 0.33333, ""test_precision"": 0.25, ""test_recall"": 0.5, ""test_accuracy"": 0.5, ""test_mcc"": 0.0, ""test_auc"": 0.5}"	"{""test_loss"": 0.6683449745178223, ""test_f1"": 0.55835, ""test_precision"": 0.60388, ""test_recall"": 0.58181, ""test_accuracy"": 0.58181, ""test_mcc"": 0.18437, ""test_auc"": 0.58181}"	"{""test_loss"": 0.6645779609680176, ""test_f1"": 0.60032, ""test_precision"": 0.6028, ""test_recall"": 0.60154, ""test_accuracy"": 0.60154, ""test_mcc"": 0.20433, ""test_auc"": 0.60154}"	"{""test_loss"": 0.6643284559249878, ""test_f1"": 0.59169, ""test_precision"": 0.59902, ""test_recall"": 0.59541, ""test_accuracy"": 0.59541, ""test_mcc"": 0.1944, ""test_auc"": 0.59541}"	"{""test_loss"": 0.6931470632553101, ""test_f1"": 0.33333, ""test_precision"": 0.25, ""test_recall"": 0.5, ""test_accuracy"": 0.5, ""test_mcc"": 0.0, ""test_auc"": 0.5}"	"{""test_loss"": 0.6429017186164856, ""test_f1"": 0.6283, ""test_precision"": 0.62831, ""test_recall"": 0.6283, ""test_accuracy"": 0.6283, ""test_mcc"": 0.25662, ""test_auc"": 0.6283}"
enzyme_kcat	"{""test_loss"": 16.74798011779785, ""test_r_squared"": 0.38813, ""test_spearman_rho"": 0.61119, ""test_spear_pval"": 0.0, ""test_pearson_rho"": 0.6425399780273438, ""test_pear_pval"": 0.0, ""test_mse"": 16.74798011779785, ""test_mae"": 3.0196900367736816, ""test_rmse"": 4.092430114746094}"	"{""test_loss"": 25.95778465270996, ""test_r_squared"": 0.05166, ""test_spearman_rho"": 0.26436, ""test_spear_pval"": 0.0, ""test_pearson_rho"": 0.24980999529361725, ""test_pear_pval"": 0.0, ""test_mse"": 25.957780838012695, ""test_mae"": 4.007909774780273, ""test_rmse"": 5.094880104064941}"	"{""test_loss"": 16.200098037719727, ""test_r_squared"": 0.40815, ""test_spearman_rho"": 0.62928, ""test_spear_pval"": 0.0, ""test_pearson_rho"": 0.6410599946975708, ""test_pear_pval"": 0.0, ""test_mse"": 16.20009994506836, ""test_mae"": 3.035749912261963, ""test_rmse"": 4.024930000305176}"	"{""test_loss"": 16.66771125793457, ""test_r_squared"": 0.39107, ""test_spearman_rho"": 0.6132, ""test_spear_pval"": 0.0, ""test_pearson_rho"": 0.6386899948120117, ""test_pear_pval"": 0.0, ""test_mse"": 16.667709350585938, ""test_mae"": 3.0034899711608887, ""test_rmse"": 4.082610130310059}"	"{""test_loss"": 27.48178482055664, ""test_r_squared"": -0.00401, ""test_spearman_rho"": -0.0667, ""test_spear_pval"": 0.14926, ""test_pearson_rho"": -0.06807000190019608, ""test_pear_pval"": 0.14104, ""test_mse"": 27.48179054260254, ""test_mae"": 4.131869792938232, ""test_rmse"": 5.242310047149658}"	"{""test_loss"": 15.729083061218262, ""test_r_squared"": 0.42536, ""test_spearman_rho"": 0.61807, ""test_spear_pval"": 0.0, ""test_pearson_rho"": 0.6533100008964539, ""test_pear_pval"": 0.0, ""test_mse"": 15.729089736938477, ""test_mae"": 2.992449998855591, ""test_rmse"": 3.9659900665283203}"	"{""test_loss"": 16.394990921020508, ""test_r_squared"": 0.40103, ""test_spearman_rho"": 0.61082, ""test_spear_pval"": 0.0, ""test_pearson_rho"": 0.6406499743461609, ""test_pear_pval"": 0.0, ""test_mse"": 16.394990921020508, ""test_mae"": 2.9773800373077393, ""test_rmse"": 4.049069881439209}"	"{""test_loss"": 17.532255172729492, ""test_r_squared"": 0.35948, ""test_spearman_rho"": 0.59763, ""test_spear_pval"": 0.0, ""test_pearson_rho"": 0.6100900173187256, ""test_pear_pval"": 0.0, ""test_mse"": 17.53226089477539, ""test_mae"": 3.1352999210357666, ""test_rmse"": 4.187150001525879}"	"{""test_loss"": 17.70181655883789, ""test_r_squared"": 0.35329, ""test_spearman_rho"": 0.59952, ""test_spear_pval"": 0.0, ""test_pearson_rho"": 0.61735999584198, ""test_pear_pval"": 0.0, ""test_mse"": 17.701820373535156, ""test_mae"": 3.1591200828552246, ""test_rmse"": 4.20734977722168}"	"{""test_loss"": 15.965570449829102, ""test_r_squared"": 0.41672, ""test_spearman_rho"": 0.64269, ""test_spear_pval"": 0.0, ""test_pearson_rho"": 0.6648499965667725, ""test_pear_pval"": 0.0, ""test_mse"": 15.965570449829102, ""test_mae"": 2.9510700702667236, ""test_rmse"": 3.995690107345581}"	"{""test_loss"": 17.4456787109375, ""test_r_squared"": 0.36264, ""test_spearman_rho"": 0.60928, ""test_spear_pval"": 0.0, ""test_pearson_rho"": 0.6280500292778015, ""test_pear_pval"": 0.0, ""test_mse"": 17.445680618286133, ""test_mae"": 3.0749800205230713, ""test_rmse"": 4.176799774169922}"	"{""test_loss"": 20.256080627441406, ""test_r_squared"": 0.25997, ""test_spearman_rho"": 0.51348, ""test_spear_pval"": 0.0, ""test_pearson_rho"": 0.5115500092506409, ""test_pear_pval"": 0.0, ""test_mse"": 20.256080627441406, ""test_mae"": 3.379270076751709, ""test_rmse"": 4.500679969787598}"	"{""test_loss"": 18.12631607055664, ""test_r_squared"": 0.33778, ""test_spearman_rho"": 0.5852, ""test_spear_pval"": 0.0, ""test_pearson_rho"": 0.6122900247573853, ""test_pear_pval"": 0.0, ""test_mse"": 18.126310348510742, ""test_mae"": 3.115950107574463, ""test_rmse"": 4.257500171661377}"	"{""test_loss"": 19.228487014770508, ""test_r_squared"": 0.29751, ""test_spearman_rho"": 0.52813, ""test_spear_pval"": 0.0, ""test_pearson_rho"": 0.5538600087165833, ""test_pear_pval"": 0.0, ""test_mse"": 19.228490829467773, ""test_mae"": 3.2248799800872803, ""test_rmse"": 4.3850297927856445}"	"{""test_loss"": 15.548357963562012, ""test_r_squared"": 0.43196, ""test_spearman_rho"": 0.64891, ""test_spear_pval"": 0.0, ""test_pearson_rho"": 0.6680099964141846, ""test_pear_pval"": 0.0, ""test_mse"": 15.548359870910645, ""test_mae"": 2.920989990234375, ""test_rmse"": 3.9431400299072266}"	"{""test_loss"": 18.13792610168457, ""test_r_squared"": 0.33735, ""test_spearman_rho"": 0.57574, ""test_spear_pval"": 0.0, ""test_pearson_rho"": 0.5896300077438354, ""test_pear_pval"": 0.0, ""test_mse"": 18.137920379638672, ""test_mae"": 3.156709909439087, ""test_rmse"": 4.258860111236572}"	"{""test_loss"": 18.96882438659668, ""test_r_squared"": 0.307, ""test_spearman_rho"": 0.58322, ""test_spear_pval"": 0.0, ""test_pearson_rho"": 0.5941600203514099, ""test_pear_pval"": 0.0, ""test_mse"": 18.968820571899414, ""test_mae"": 3.1924099922180176, ""test_rmse"": 4.355319976806641}"	"{""test_loss"": 16.677080154418945, ""test_r_squared"": 0.39072, ""test_spearman_rho"": 0.61489, ""test_spear_pval"": 0.0, ""test_pearson_rho"": 0.6446700096130371, ""test_pear_pval"": 0.0, ""test_mse"": 16.677080154418945, ""test_mae"": 3.0213301181793213, ""test_rmse"": 4.083759784698486}"	"{""test_loss"": 16.83020782470703, ""test_r_squared"": 0.38513, ""test_spearman_rho"": 0.59958, ""test_spear_pval"": 0.0, ""test_pearson_rho"": 0.6235899925231934, ""test_pear_pval"": 0.0, ""test_mse"": 16.830209732055664, ""test_mae"": 3.073580026626587, ""test_rmse"": 4.102459907531738}"
optimal_ph	"{""test_loss"": 0.8376732468605042, ""test_r_squared"": 0.37158, ""test_spearman_rho"": 0.58466, ""test_spear_pval"": 0.0, ""test_pearson_rho"": 0.6990399956703186, ""test_pear_pval"": 0.0, ""test_mse"": 0.8376700282096863, ""test_mae"": 0.6959900259971619, ""test_rmse"": 0.9152399897575378}"	"{""test_loss"": 1.1132980585098267, ""test_r_squared"": 0.1648, ""test_spearman_rho"": 0.39095, ""test_spear_pval"": 0.0, ""test_pearson_rho"": 0.4862000048160553, ""test_pear_pval"": 0.0, ""test_mse"": 1.1132999658584595, ""test_mae"": 0.7714700102806091, ""test_rmse"": 1.0551300048828125}"	"{""test_loss"": 0.9357414841651917, ""test_r_squared"": 0.29801, ""test_spearman_rho"": 0.58391, ""test_spear_pval"": 0.0, ""test_pearson_rho"": 0.7023800015449524, ""test_pear_pval"": 0.0, ""test_mse"": 0.9357399940490723, ""test_mae"": 0.7679700255393982, ""test_rmse"": 0.9673399925231934}"	"{""test_loss"": 0.8641380667686462, ""test_r_squared"": 0.35172, ""test_spearman_rho"": 0.53906, ""test_spear_pval"": 0.0, ""test_pearson_rho"": 0.6643400192260742, ""test_pear_pval"": 0.0, ""test_mse"": 0.864139974117279, ""test_mae"": 0.7167800068855286, ""test_rmse"": 0.9295899868011475}"	"{""test_loss"": 1.498039960861206, ""test_r_squared"": -0.12383, ""test_spearman_rho"": 0.01906, ""test_spear_pval"": 0.39761, ""test_pearson_rho"": 0.025310000404715538, ""test_pear_pval"": 0.26137, ""test_mse"": 1.498039960861206, ""test_mae"": 0.8586699962615967, ""test_rmse"": 1.2239400148391724}"	"{""test_loss"": 0.8632849454879761, ""test_r_squared"": 0.35236, ""test_spearman_rho"": 0.61234, ""test_spear_pval"": 0.0, ""test_pearson_rho"": 0.7125300168991089, ""test_pear_pval"": 0.0, ""test_mse"": 0.8632799983024597, ""test_mae"": 0.7212299704551697, ""test_rmse"": 0.9291300177574158}"	"{""test_loss"": 0.9534351825714111, ""test_r_squared"": 0.28473, ""test_spearman_rho"": 0.51727, ""test_spear_pval"": 0.0, ""test_pearson_rho"": 0.6510599851608276, ""test_pear_pval"": 0.0, ""test_mse"": 0.9534400105476379, ""test_mae"": 0.7456899881362915, ""test_rmse"": 0.9764400124549866}"	"{""test_loss"": 0.8634347915649414, ""test_r_squared"": 0.35225, ""test_spearman_rho"": 0.49273, ""test_spear_pval"": 0.0, ""test_pearson_rho"": 0.6290900111198425, ""test_pear_pval"": 0.0, ""test_mse"": 0.8634300231933594, ""test_mae"": 0.6912000179290771, ""test_rmse"": 0.9292100071907043}"	"{""test_loss"": 0.9469879865646362, ""test_r_squared"": 0.28957, ""test_spearman_rho"": 0.55143, ""test_spear_pval"": 0.0, ""test_pearson_rho"": 0.6661999821662903, ""test_pear_pval"": 0.0, ""test_mse"": 0.9469900131225586, ""test_mae"": 0.7537000179290771, ""test_rmse"": 0.9731299877166748}"	"{""test_loss"": 0.8311494588851929, ""test_r_squared"": 0.37647, ""test_spearman_rho"": 0.57948, ""test_spear_pval"": 0.0, ""test_pearson_rho"": 0.7016900181770325, ""test_pear_pval"": 0.0, ""test_mse"": 0.8311499953269958, ""test_mae"": 0.7009000182151794, ""test_rmse"": 0.9116700291633606}"	"{""test_loss"": 0.9027706980705261, ""test_r_squared"": 0.32274, ""test_spearman_rho"": 0.51097, ""test_spear_pval"": 0.0, ""test_pearson_rho"": 0.6339899897575378, ""test_pear_pval"": 0.0, ""test_mse"": 0.9027699828147888, ""test_mae"": 0.7199299931526184, ""test_rmse"": 0.9501399993896484}"	"{""test_loss"": 1.0549283027648926, ""test_r_squared"": 0.20859, ""test_spearman_rho"": 0.39501, ""test_spear_pval"": 0.0, ""test_pearson_rho"": 0.4976300001144409, ""test_pear_pval"": 0.0, ""test_mse"": 1.0549299716949463, ""test_mae"": 0.769599974155426, ""test_rmse"": 1.0270999670028687}"	"{""test_loss"": 0.8360274434089661, ""test_r_squared"": 0.37281, ""test_spearman_rho"": 0.51285, ""test_spear_pval"": 0.0, ""test_pearson_rho"": 0.6546300053596497, ""test_pear_pval"": 0.0, ""test_mse"": 0.8360300064086914, ""test_mae"": 0.6929200291633606, ""test_rmse"": 0.9143499732017517}"	"{""test_loss"": 1.0470675230026245, ""test_r_squared"": 0.21449, ""test_spearman_rho"": 0.40176, ""test_spear_pval"": 0.0, ""test_pearson_rho"": 0.5114099979400635, ""test_pear_pval"": 0.0, ""test_mse"": 1.047070026397705, ""test_mae"": 0.761139988899231, ""test_rmse"": 1.0232599973678589}"	"{""test_loss"": 0.9144269824028015, ""test_r_squared"": 0.314, ""test_spearman_rho"": 0.55481, ""test_spear_pval"": 0.0, ""test_pearson_rho"": 0.6711000204086304, ""test_pear_pval"": 0.0, ""test_mse"": 0.9144300222396851, ""test_mae"": 0.7450000047683716, ""test_rmse"": 0.9562600255012512}"	"{""test_loss"": 0.7855241298675537, ""test_r_squared"": 0.4107, ""test_spearman_rho"": 0.52941, ""test_spear_pval"": 0.0, ""test_pearson_rho"": 0.6575000286102295, ""test_pear_pval"": 0.0, ""test_mse"": 0.7855200171470642, ""test_mae"": 0.6631100177764893, ""test_rmse"": 0.8863000273704529}"	"{""test_loss"": 0.9355354905128479, ""test_r_squared"": 0.29816, ""test_spearman_rho"": 0.51127, ""test_spear_pval"": 0.0, ""test_pearson_rho"": 0.6413900256156921, ""test_pear_pval"": 0.0, ""test_mse"": 0.9355400204658508, ""test_mae"": 0.7358999848365784, ""test_rmse"": 0.9672300219535828}"	"{""test_loss"": 0.8206787109375, ""test_r_squared"": 0.38433, ""test_spearman_rho"": 0.57492, ""test_spear_pval"": 0.0, ""test_pearson_rho"": 0.681659996509552, ""test_pear_pval"": 0.0, ""test_mse"": 0.8206800222396851, ""test_mae"": 0.6833299994468689, ""test_rmse"": 0.9059100151062012}"	"{""test_loss"": 0.7758398652076721, ""test_r_squared"": 0.41796, ""test_spearman_rho"": 0.59072, ""test_spear_pval"": 0.0, ""test_pearson_rho"": 0.7024999856948853, ""test_pear_pval"": 0.0, ""test_mse"": 0.7758399844169617, ""test_mae"": 0.6660500168800354, ""test_rmse"": 0.8808199763298035}"
optimal_temperature	"{""test_loss"": 140.72860717773438, ""test_r_squared"": 0.58873, ""test_spearman_rho"": 0.67459, ""test_spear_pval"": 0.0, ""test_pearson_rho"": 0.7765399813652039, ""test_pear_pval"": 0.0, ""test_mse"": 140.72862243652344, ""test_mae"": 9.108530044555664, ""test_rmse"": 11.862910270690918}"	"{""test_loss"": 249.1328582763672, ""test_r_squared"": 0.27192, ""test_spearman_rho"": 0.4308, ""test_spear_pval"": 0.0, ""test_pearson_rho"": 0.5297399759292603, ""test_pear_pval"": 0.0, ""test_mse"": 249.1328125, ""test_mae"": 12.791810035705566, ""test_rmse"": 15.783940315246582}"	"{""test_loss"": 147.62432861328125, ""test_r_squared"": 0.56857, ""test_spearman_rho"": 0.69557, ""test_spear_pval"": 0.0, ""test_pearson_rho"": 0.7907099723815918, ""test_pear_pval"": 0.0, ""test_mse"": 147.62435913085938, ""test_mae"": 9.159310340881348, ""test_rmse"": 12.150079727172852}"	"{""test_loss"": 164.18792724609375, ""test_r_squared"": 0.52017, ""test_spearman_rho"": 0.6307, ""test_spear_pval"": 0.0, ""test_pearson_rho"": 0.7274600267410278, ""test_pear_pval"": 0.0, ""test_mse"": 164.1879425048828, ""test_mae"": 10.135749816894531, ""test_rmse"": 12.813579559326172}"	"{""test_loss"": 352.081787109375, ""test_r_squared"": -0.02895, ""test_spearman_rho"": -0.06737, ""test_spear_pval"": 0.3557, ""test_pearson_rho"": 0.03815999999642372, ""test_pear_pval"": 0.60113, ""test_mse"": 352.0817565917969, ""test_mae"": 14.997710227966309, ""test_rmse"": 18.763839721679688}"	"{""test_loss"": 184.2063751220703, ""test_r_squared"": 0.46166, ""test_spearman_rho"": 0.65495, ""test_spear_pval"": 0.0, ""test_pearson_rho"": 0.710919976234436, ""test_pear_pval"": 0.0, ""test_mse"": 184.2063751220703, ""test_mae"": 10.664660453796387, ""test_rmse"": 13.572259902954102}"	"{""test_loss"": 161.3340606689453, ""test_r_squared"": 0.52851, ""test_spearman_rho"": 0.68851, ""test_spear_pval"": 0.0, ""test_pearson_rho"": 0.7356899976730347, ""test_pear_pval"": 0.0, ""test_mse"": 161.3340606689453, ""test_mae"": 10.148280143737793, ""test_rmse"": 12.701740264892578}"	"{""test_loss"": 171.33392333984375, ""test_r_squared"": 0.49928, ""test_spearman_rho"": 0.66112, ""test_spear_pval"": 0.0, ""test_pearson_rho"": 0.7523599863052368, ""test_pear_pval"": 0.0, ""test_mse"": 171.33392333984375, ""test_mae"": 9.941410064697266, ""test_rmse"": 13.089460372924805}"	"{""test_loss"": 153.3841094970703, ""test_r_squared"": 0.55174, ""test_spearman_rho"": 0.66122, ""test_spear_pval"": 0.0, ""test_pearson_rho"": 0.754830002784729, ""test_pear_pval"": 0.0, ""test_mse"": 153.38409423828125, ""test_mae"": 9.826519966125488, ""test_rmse"": 12.384830474853516}"	"{""test_loss"": 125.30565643310547, ""test_r_squared"": 0.6338, ""test_spearman_rho"": 0.72107, ""test_spear_pval"": 0.0, ""test_pearson_rho"": 0.805679976940155, ""test_pear_pval"": 0.0, ""test_mse"": 125.30565643310547, ""test_mae"": 8.629989624023438, ""test_rmse"": 11.194000244140625}"	"{""test_loss"": 168.27748107910156, ""test_r_squared"": 0.50821, ""test_spearman_rho"": 0.66927, ""test_spear_pval"": 0.0, ""test_pearson_rho"": 0.757669985294342, ""test_pear_pval"": 0.0, ""test_mse"": 168.27748107910156, ""test_mae"": 9.897139549255371, ""test_rmse"": 12.972180366516113}"	"{""test_loss"": 255.74810791015625, ""test_r_squared"": 0.25258, ""test_spearman_rho"": 0.54252, ""test_spear_pval"": 0.0, ""test_pearson_rho"": 0.5844299793243408, ""test_pear_pval"": 0.0, ""test_mse"": 255.7480926513672, ""test_mae"": 12.737990379333496, ""test_rmse"": 15.992119789123535}"	"{""test_loss"": 165.5311737060547, ""test_r_squared"": 0.51624, ""test_spearman_rho"": 0.66224, ""test_spear_pval"": 0.0, ""test_pearson_rho"": 0.7589600086212158, ""test_pear_pval"": 0.0, ""test_mse"": 165.5312042236328, ""test_mae"": 9.908419609069824, ""test_rmse"": 12.865889549255371}"	"{""test_loss"": 231.29917907714844, ""test_r_squared"": 0.32404, ""test_spearman_rho"": 0.51929, ""test_spear_pval"": 0.0, ""test_pearson_rho"": 0.5720599889755249, ""test_pear_pval"": 0.0, ""test_mse"": 231.29913330078125, ""test_mae"": 12.163370132446289, ""test_rmse"": 15.20851993560791}"	"{""test_loss"": 154.95169067382812, ""test_r_squared"": 0.54716, ""test_spearman_rho"": 0.70995, ""test_spear_pval"": 0.0, ""test_pearson_rho"": 0.7933599948883057, ""test_pear_pval"": 0.0, ""test_mse"": 154.95169067382812, ""test_mae"": 9.957489967346191, ""test_rmse"": 12.447959899902344}"	"{""test_loss"": 182.70933532714844, ""test_r_squared"": 0.46604, ""test_spearman_rho"": 0.64904, ""test_spear_pval"": 0.0, ""test_pearson_rho"": 0.7093200087547302, ""test_pear_pval"": 0.0, ""test_mse"": 182.70938110351562, ""test_mae"": 10.702759742736816, ""test_rmse"": 13.517000198364258}"	"{""test_loss"": 178.6439208984375, ""test_r_squared"": 0.47792, ""test_spearman_rho"": 0.6315, ""test_spear_pval"": 0.0, ""test_pearson_rho"": 0.7177299857139587, ""test_pear_pval"": 0.0, ""test_mse"": 178.64393615722656, ""test_mae"": 10.427209854125977, ""test_rmse"": 13.365779876708984}"	"{""test_loss"": 166.8179473876953, ""test_r_squared"": 0.51248, ""test_spearman_rho"": 0.61214, ""test_spear_pval"": 0.0, ""test_pearson_rho"": 0.7236400246620178, ""test_pear_pval"": 0.0, ""test_mse"": 166.8179473876953, ""test_mae"": 10.595709800720215, ""test_rmse"": 12.915800094604492}"	"{""test_loss"": 194.12432861328125, ""test_r_squared"": 0.43268, ""test_spearman_rho"": 0.62859, ""test_spear_pval"": 0.0, ""test_pearson_rho"": 0.7028800249099731, ""test_pear_pval"": 0.0, ""test_mse"": 194.1243438720703, ""test_mae"": 10.47389030456543, ""test_rmse"": 13.932849884033203}"
