name,kd,kon,koff,sequence,pkd,ppi-probability,predicted-pkd,mask-rate,esm_pll_averaged,esmfold_plddt,composite_score
dsm_pdl1_7,8.06e-09,64293.962365,0.000517863,SAEEKILANLEAMKAKALEAKTEEEKLFYAKALLAVAISYAIIGDYSLARRAAELAVEVAKSLSKEEQKKVMDFLINIIKFITDPEDREKAIELAIAIAERLDEEVREEALKKIESLKKE,8.093664958194909,0.8812,9.6303,0.05,-1.826550321094692,0.7804116606712341,3.625821444656658
dsm_pdl1_6,1.485e-08,144160.70605,0.002116032,SAEEKIDAILEAMKSKALAAKTEEEKLFYLKALLAVAISYSIRGRYSLARRAAELAVSVIKSLSKEEQKKVMPFLINIIKNITDPEDREKAIELAEAIAKRLDEEVREEALKKIEELKKE,7.828273546346769,0.9664,9.6953,0.11,-1.8394460135449968,0.7917999625205994,4.0331707042566345
dsm_pdl1_2,3.23e-08,169942.38465,0.005346884,SAEEKILANLEAMLAKAEAAKTEEEKLFYAKALLAVAISYEIRGIYDLGRRAAKLAVSVIKELSKEEQKKVMDFLINYIKNITDPEDREKAIELAIAIAERLPEEVREEALKKIEELKKE,7.490797477668897,0.9715,9.6816,0.13,-1.8532114739219347,0.7853661179542542,3.985998410983763
dsm_pdl1_16,9.285e-08,101465.64093,0.0094131655,SAEEKILANLKAMKAKALAAKTEEEKLFYAKALHAVAISYAIKGDYELALEAAELAVEVAKSLSKEKQQKVMDFLINIIKNITDPEDREKAIELAIAIAERLDEEVREEALKKIEELRKE,7.032218091924201,0.9361,9.6292,0.09,-1.790824065109094,0.778754472732544,3.919765486432614
dsm_pdl1_4,1.615e-07,65419.358515,0.010430834,SAEEKILANLEAMKAKALAAKTEEEKLFYAKALLAVAISYAIRGKYELARRAAELAVEVAKSLSKEEQKKYMDFLINSIKYITDPEDREKAIELLKAIAERLDEEVREEVLKKIEELKKE,6.791827473332878,0.7828,9.7438,0.09,-1.6859620422124864,0.7752557992935181,3.507328215825039
dsm_pdl1_8,1.69e-07,57799.45391,0.009774775,SAEEKIDAILEAMKSKALAAKTEEEKLFYLKALLAVAISYSIRGRYSLARRAAELAVSVIKSLSKEEQKKVMPFLINIIKNITDPEDREKAIELAEAIAKRLDEEVREEALKKIEELKKE,6.772113295386326,0.9664,9.6953,0.11,-1.8394460135449968,0.7917999625205994,4.0331707042566345
dsm_pdl1_11,2.12e-07,35179.01069,0.00745406,SAEEKALANLEAMKAKALAAKNEEEKLFYARAYFAVATSYAIRGDYELARRSAELAVEVIKSLSKEEQKKVVDFLINIIKNIEDPMDREKAIEVAIAIAPRLDEKVREEALKKIEELKKE,6.673664139071248,0.9822,9.8311,0.16,-1.897617331147194,0.7563831210136414,3.848887650274588
dsm_pdl1_19,3.16e-07,45944.162435000006,0.0145085245,SAEEKIIANLEAMKAMALAAKSEEEKLFYAKALLAVAISYYIREDYELARRAAELAVEVIKSLSKEEAKKVFAFLINIIKNITIKEDREKALELAIALAERLPEEEREWALKKLEQLKKE,6.5003129173815966,0.9394,9.6225,0.18,-1.842350265011192,0.7728900909423828,3.7921369556211935
dsm_pdl1_17,5.535e-07,199974.29515000002,0.1109408305,SAEEKILANLEAMLAKAEAAKTEEEKLFYAKALLAVAISYEIRGIYDLGRRAAKLAVSVIKELSKEEQKKVMDFLINYIKNITDPEDREKAIELAIAIAERLPEEVREEALKKIEELKKE,6.256882374785258,0.9715,9.6816,0.13,-1.8532114739219347,0.7853661179542542,3.985998410983763
dsm_pdl1_12,7.435e-07,52832.797529999996,0.038969103000000005,SAEEKALANLEAMKAKALAAKNEEEKLFYARAYFAVATSYAIRGDYELARRSAELAVEVIKSLSKEEQKKVVDFLINIIKNIEDPMDREKAIEVAIAIAPRLDEKVREEALKKIEELKKE,6.128719027142027,0.9822,9.8311,0.16,-1.897617331147194,0.7563831210136414,3.848887650274588
dsm_pdl1_5,7.82715e-07,7644.868664,0.0057163885,SAEEKILANLEAMKAKALAAKTEEEKLFYAKALLAVAISYAIRGKYELARRAAELAVEVAKSLSKEEQKKYMDFLINSIKYITDPEDREKAIELLKAIAERLDEEVREEVLKKIEELKKE,6.106396343253317,0.7828,9.7438,0.09,-1.6859620422124864,0.7752557992935181,3.507328215825039
dsm_pdl1_13,8.005e-07,363653.2099,0.29044274950000004,SEEEKILANLEAMKAKAEAAKTEEEKLFYAKALLAVAISYAIRGKYELARSAAELAVEVAKSLSKEEQKKVMDFLINIIKNITDPEDREKAIELAIAIAERLSEEVREEALKKIEELKKE,6.096638663744682,0.918,9.6753,0.03,-1.7564365791156888,0.7884350419044495,3.986947953718259
dsm_pdl1_18,9.429999999999999e-07,84356.44711499999,0.07913403299999999,SAEEKIIANLEAMKAMALAAKSEEEKLFYAKALLAVAISYYIREDYELARRAAELAVEVIKSLSKEEAKKVFAFLINIIKNITIKEDREKALELAIALAERLPEEEREWALKKLEQLKKE,6.0254883072626715,0.9394,9.6225,0.18,-1.842350265011192,0.7728900909423828,3.7921369556211935
dsm_pdl1_3,1.060205e-06,6609.029036,0.007005668,SAEEKILANLEAMKAKALAAKTEEEKLFYAKALLAVAISAAIRGKSELAHRAAELAVEVAKSLSKEEQKKVMDFLIWIIKNITDPEDREKALELALAIAEKLPEEVREEALKKIEELKKE,5.9746101519419925,0.9459,9.6482,0.08,-1.6675108385582764,0.7869729399681091,4.307077208044038
dsm_pdl1_9,1.290685e-06,6793.3887235,0.0087670715,SAEEKILANLENMKAKALAAKTSEEKLFYAKALLAVMISYAIRGDYELARQAAELSVEVIKSLSKEEQKEVMDFLINEIKNITIPEDREKAIELAIAIYERLDEEVREEALKEIEELKKK,5.8891797371714105,0.9564,9.8008,0.19,-1.9269738777230183,0.7651625871658325,3.722022497603658
dsm_pdl1_1,,,,SSNEKILENLEAMKAKALAAKTEEEKLFYAKALLAVAISYSIRGEYVLARRAAELAVEVIKSASKEEQKKVMDFLINIIKNITDKEDREKAIELAEAIAERGDEEVKEEALKKIEELKSE,,0.922,9.8048,0.15,-1.8418125631908573,0.7798607349395752,3.827729894552806
dsm_pdl1_10,,,,SSNEKILENLEAMKAKALAAKTEEEKLFYAKALLAVAISYSIRGEYVLARRAAELAVEVIKSASKEEQKKVMDFLINIIKNITDKEDREKAIELAEAIAERGDEEVKEEALKKIEELKSE,,0.922,9.8048,0.15,-1.8418125631908573,0.7798607349395752,3.827729894552806
dsm_pdl1_14,,,,SEEEKILANLEAMKAKAEAAKTEEEKLFYAKALLAVAISYAIRGKYELARSAAELAVEVAKSLSKEEQKKVMDFLINIIKNITDPEDREKAIELAIAIAERLSEEVREEALKKIEELKKE,,0.918,9.6753,0.03,-1.7564365791156888,0.7884350419044495,3.986947953718259
dsm_pdl1_15,,,,SAEEKILANLKAMKAKALAAKTEEEKLFYAKALHAVAISYAIKGDYELALEAAELAVEVAKSLSKEKQQKVMDFLINIIKNITDPEDREKAIELAIAIAERLDEEVREEALKKIEELRKE,,0.9361,9.6292,0.09,-1.790824065109094,0.778754472732544,3.919765486432614
dsm_pdl1_20,,,,SAEEKILANLEAMKAKALAAKTEEEKLFYAKALLAVAISAAIRGKSELAHRAAELAVEVAKSLSKEEQKKVMDFLIWIIKNITDPEDREKALELALAIAEKLPEEVREEALKKIEELKKE,,0.9459,9.6482,0.08,-1.6675108385582764,0.7869729399681091,4.307077208044038
template,,,,SAEEKILANLEAMKAKALAAKTEEEKLFYAKALLAVAISYAIRGDYELARRAAELAVEVIKSLSKEEQKKVMDFLINIIKNITDPEDREKAIELAIAIAERLDEEVREEALKKIEELKKE,10.3757,0.1986,9.1547,0.0,,,
